id,SMILES,Tg,FFV,Tc,Density,Rg
1109053969,*Oc1ccc(C=NN=Cc2ccc(Oc3ccc(C(c4ccc(*)cc4)(C(F)(F)F)C(F)(F)F)cc3)cc2)cc1,0.70375955,-0.10529715,0.21044981,-0.09110296,-0.03713399
1422188626,*Oc1ccc(C(C)(C)c2ccc(Oc3ccc(C(=O)c4cccc(C(=O)c5ccc(*)cc5)c4)cc3)cc2)cc1,0.36557695,0.5934437,0.063666016,-0.023618,0.54064953
2032016830,*c1cccc(OCCCCCCCCOc2cccc(N3C(=O)c4ccc(-c5cccc6c5C(=O)N(*)C6=O)cc4C3=O)c2)c1,0.45245704,-0.1935872,0.15151781,-0.28836796,-0.27239597
